Id,Formula,Name,Melting_Pt,
0,CBr2Cl2,dibromodichloromethane,294.4,
1,CBr4,carbon tetrabromide,363.2,
2,CBrCl3 ,bromotrichloromethane,267.5,
3,CCl3F,fluorotrichloromethane,162.7,
4,CCl4     ,carbon tetrachloride,249.0,
5,CF4,carbon tetrafluoride,89.6,
6,CHBr3,tribromomethane,281.5,
7,CHCl3,trichloromethane,209.6,
8,CHClF2,chlorodifluoromethane,115.7,
9,CHF3,trifluoromethane,118.0,
10,CHF3S ,trifluoromethanethiol,116.0,
11,CH2Cl2 ,dichloromethane,178.2,
12,CH2F2,difluoromethane,136.4,
13,CH2I2,diiodomethane,279.2,
14,CH2N2 ,cyanamide,317.2,
15,CH2N4 ,tetrazole,432.1,
16,CH3Br,bromomethane,179.5,
17,CH3Br,bromomethane ,179.5,
18,CH3Cl,methyl chloride,174.5,
19,CH3Cl2OP ,methylphosphonyl dichloride,306.1,
20,CH3ClFOP,methylphosphonyl chlorofluoride,250.7,
21,CH3F2OP,methylphosphonyl difluoride,236.3,
22,CH3I,iodomethane,206.8,
23,CH3NO2,nitromethane,244.8,
24,CH3NO3 ,methyl nitrate,190.2,
25,CH4N2O,urea,408.1,
26,CH4N2S,thiourea,452.2,
27,CH4N4O4 ,"N,N'-dinitro-diaminomethane",371.0,
28,CH4O    ,methanol,175.3,
29,CH4S,methanethiol,150.2,
30,CH5N     ,methylamine,179.7,
31,CH6N2 ,methylhydrazine,220.8,
32,C2Br2F2 ,dibromodifluoroethylene,162.8,
33,C2Br2F4,"1,2-dibromotetrafluoroethane",162.8,
34,C2Cl2F4,"1,2-dichloro-tetrafluoroethane",180.6,
35,C2Cl3F3 ,"1,1,2-trifluoro-1,2,2-trichloroethane",236.9,
36,C2Cl4 ,tetrachloroethene,250.8,
37,C2Cl4F2 ,"1,1,2,2-tetrachlorodifluoroethane",299.7,
38,C2Cl6 ,hexachloroethane,458.0,
39,C2ClF3,chlorotrifluoroethylene,115.0,
40,C2ClF5,pentafluorochloroethane,173.7,
41,C2F3N ,trifluoroacetonitrile,128.7,
42,C2F4 ,tetrafluoroethylene,142.0,
43,C2F6 ,hexafluoroethane,173.1,
44,C2HBrClF3 ,"2-bromo-2-chloro-1,1,1-trifluoroethane",154.7,
45,C2HBrClF3 ,"1-bromo-2-chloro-1,1,2-trifluoroethane",146.2,
46,C2HCl3 ,trichloroethylene,188.5,
47,C2HCl3O2,trichloroacetic acid,330.7,
48,C2HF5,pentafluoroethane,172.6,
49,C2H2,acetylene,192.4,
50,C2H2Br2F2 ,"1,2-dibromo-1,1-difluoroethane",206.3,
51,C2H2Cl2,"1,1-dichloroethene",150.9,
52,C2H2Cl2F2,"1,2-difluoro-2,2-dichloroethane ",163.0,
53,C2H2Cl2O2 ,dichloroacetic acid,286.5,
54,C2H2Cl4,"1,1,2,2-tetrachloroethane",230.8,
55,C2H3Br3 ,"1,1,2-tribromoethane",244.0,
56,C2H3Cl ,vinyl chloride,119.3,
57,C2H3Cl3  ,"1,1,1-trichloroethane",240.1,
58,C2H3Cl3  ,"1,1,2-trichloroethane",237.1,
59,C2H3ClF2 ,"1,1-difluoro-1-chloroethane",142.4,
60,C2H3ClO2,ß-chloroacetic acid,329.2,
61,C2H3ClO2,a-chloroacetic acid,334.4,
62,C2H3ClO2 ,ß-chloroacetic acid,329.2,
63,C2H3ClO2 ,a-chloroacetic acid,334.3,
64,C2H3F3 ,"1,1,1-trifluoroethane",161.9,
65,C2H3N ,acetonitile,229.3,
66,C2H3N3 ,"1,2,4-triazole ",393.5,
67,C2H3N3O6,"1,1,1-trinitroethane",329.2,
68,C2H3N3O7,"2,2,2-trinitroethanol",344.9,
69,C2H4 ,ethylene,104.0,
70,C2H4Br2 ,"1,2-dibromoethane",283.0,
71,C2H4BrCl ,1-bromo-2-chloroethane,256.4,
72,C2H4Cl2  ,"1,1-dichloroethane",176.2,
73,C2H4Cl2  ,"1,2-dichloroethane ",237.2,
74,C2H4N4,"1H-1,2,4-triazol-3-amine",428.3,
75,C2H4N4 ,2-methyltetrazole,286.0,
76,C2H4N4 ,1-methyltetrazole,315.0,
77,C2H4N4 ,5-methyltetrazole,418.0,
78,C2H4O ,acetaldehyde,242.9,
79,C2H4O    ,ethylene oxide,160.7,
80,C2H4O2  ,ethanoic acid,298.7,
81,C2H5Cl   ,chloroethane   ,134.8,
82,C2H5NO ,acetamide,353.0,
83,C2H5NO2 ,methyl carbamate,328.6,
84,C2H5NO2  ,nitroethane            ,183.7,
85,C2H5NO3 ,ethyl nitrate,178.6,
86,C2H5NS ,ethanethioamide,385.7,
87,C2H6  ,ethane,89.5,
88,C2H6ClO3P ,2-chloroethylphosphonic acid,347.9,
89,C2H6N2O ,N-methylurea,378.1,
90,C2H6N2O2 ,N-nitro-N-methylaminomethane,327.0,
91,C2H6N4O4 ,"N,N'-dinitroethanediamine",450.0,
92,C2H6O   ,ethanol,158.8,
93,C2H6O    ,dimethyl ether         ,131.7,
94,C2H6O2  ,dihydroxyethane,260.6,
95,C2H6O2S ,dimethylsulfone ,382.0,
96,C2H6OS ,dimethyl sulfoxide,291.7,
97,C2H6S    ,dimethyl sulfide,174.9,
98,C2H6S    ,ethyl mercaptan,195.3,
99,C2H6S2   ,dimethyldisulfide,188.4,
100,C2H7N    ,dimethyl amine,181.0,
101,C2H8N2  ,"N,N-dimethylhydrazine",216.0,
102,C2H8N2  ,"N,N'-dimethylhydrazine",264.3,
103,C2H8N2   ,diaminoethane,284.2,
104,C2H8NOPS2 ,"O,S-dimethyl phosphoroamidothioate",316.8,
105,C2N2 ,cyanogen,245.3,
106,C3Cl6 ,hexachlorocyclopropane,376.0,
107,C3F6O ,hexafluoroacetone,147.7,
108,C3F8 ,octafluoropropane,125.5,
109,C3H2Cl3F3 ,"1,1,1-trichloro-3,3,3-trifluoropropane",232.7,
110,C3H2ClF5 ,"3-chloro-1,1,1,3,3-pentafluoropropane",165.4,
111,C3H2N2   ,dicyanomethane,305.0,
112,C3H3Cl2F3 ,"1,1,1-trifluoro-3,3-dichloropropane",182.2,
113,C3H3N    ,acrylonitrile ,189.6,
114,C3H3NS   ,thiazole,239.4,
115,C3H4Cl4  ,"1,1,1,3-tetrachloropropane",237.7,
116,C3H4ClF3 ,"1,1,1-trifluoro-3-chloropropane",179.4,
117,C3H4N2 ,pyrazole,343.2,
118,C3H4N2 ,imidazole,361.9,
119,C3H4N2O ,cyanoacetamide,387.3,
120,C3H4N4O6,"1,3,3-trinitroazetidine",375.5,
121,C3H4O2 ,acrylic acid,285.5,
122,C3H4O2  ,ß-propiolactone,239.9,
123,C3H4O3   ,ethylene carbonate,309.5,
124,C3H5Br3 ,"1,2,3-tribromopropane",289.4,
125,C3H5N    ,propionitrile,180.4,
126,C3H5N3O9 ,trinitroglycerine,285.5,
127,C3H5NO ,acrylamide,358.0,
128,C3H6  ,cyclopropane,145.6,
129,C3H6  ,propene,88.2,
130,C3H6Br2 ,"1,3-dibromopropane",238.6,
131,C3H6Cl2 ,"1,2-dichloropropane",172.7,
132,C3H6Cl2  ,"2,2-dichloropropane ",239.3,
133,C3H6ClNO2 ,2-chloro-2-nitropropane,261.6,
134,C3H6N2O2 ,malonamide,443.0,
135,C3H6N2O4 ,"2,2-dinitropropane",324.5,
136,C3H6N2O5,"2,2-dinitropropanol",366.7,
137,C3H6N2O7,"2,2-dinitro-1,3-propanediol",341.2,
138,C3H6N4 ,"2,5-dimethyltetrazole",256.4,
139,C3H6N4 ,"1,5-dimethyltetrazole",349.0,
140,C3H6N4O4 ,"1,3-dinitro-1,3-diazacyclopentane",410.0,
141,C3H6N6O3 ,"1,3,5-trinitroso-1,3,5-triazacyclohexane",376.0,
142,C3H6N6O5 ,"1,3-dinitro-5-nitroso-1,3,5-triazacyclohexane",446.0,
143,C3H6N6O6 ,"1,3,5-trinitro-1,3,5-triazacyclohexane",478.2,
144,C3H6O ,acetone,176.6,
145,C3H6O ,propanal,171.3,
146,C3H6O    ,propylene oxide,161.3,
147,C3H6O2 ,"1,3-dioxolane",175.9,
148,C3H6O2 ,methyl acetate,174.9,
149,C3H6O2 ,propionic acid,252.7,
150,C3H6O2S ,ß-thiolactic acid ,291.9,
151,C3H6O3 ,DL lactic acid,289.9,
152,C3H6O3 ,"1,3,5-trioxane",333.4,
153,C3H6O3 ,"1,3,5-trioxane",333.4,
154,C3H6S    ,thiacyclobutane,199.9,
155,C3H7Br ,2-bromopropane,184.1,
156,C3H7Cl ,2-chloropropane,156.0,
157,C3H7N,cyclopropylamine,237.8,
158,C3H7NO ,N-methylacetamide,303.8,
159,C3H7NO ,"N,N-dimethylformamide",212.9,
160,C3H7NO2 ,ethyl carbamate,321.9,
161,C3H7NO3 ,isopropyl nitrate,190.9,
162,C3H8  ,propane,85.5,
163,C3H8N2O ,N-ethylurea,365.1,
164,C3H8N2O ,"1,3-dimethylurea",381.0,
165,C3H8N2O ,"1,1-dimethylurea",454.0,
166,C3H8O   ,1-propanol,148.8,
167,C3H8O   ,2-propanol,185.2,
168,C3H8O2 ,dimethoxymethane,168.0,
169,C3H8O3  ,"1,2,3-trihydroxypropane",293.0,
170,C3H8S ,2-propanethiol,142.6,
171,C3H8S   ,1-propanethiol,160.0,
172,C3H8S    ,ethyl methyl sulfide,167.2,
173,C3H8SO2 ,ethylmethylsulfone,307.7,
174,C3H9N    ,1-aminopropane,188.4,
175,C3H9N    ,2-aminopropane,178.0,
176,C3H9N    ,trimethylamine,156.1,
177,C3H10N2 ,"1,2-diaminopropane",236.5,
178,C3H10N2 ,trimethylhydrazine,201.2,
179,C4F8S,octafluorotetrahydrothiophene,266.7,
180,C4H2O3   ,maleic anhydride    ,325.7,
181,C4H3BrS ,2-bromothiophene ,203.9,
182,C4H3ClS ,2-chlorothiophene,201.3,
183,C4H3F5O3 ,"a-(trifluoromethoxy)-a,a-difluoromethyl acetate",167.4,
184,C4H4N2 ,pyrazine,328.2,
185,C4H4N2   ,succinonitrile,331.2,
186,C4H4N4O2 ,"N-nitro-bis(N,N-cyanomethyl) amine",367.0,
187,C4H4O    ,furan      ,187.6,
188,C4H4O4 ,ethylene oxalate,415.0,
189,C4H4O4   ,"1,4-dioxane-2,5-dione ",356.2,
190,C4H4S    ,thiophene,235.2,
191,C4H5ClO2 ,cis-3-chloro-2-butenoic acid,333.7,
192,C4H5ClO2 ,E-3-chloro-2-butenoic acid,333.7,
193,C4H5ClO2 ,Z-3-chloro-2-butenoic acid,366.8,
194,C4H5N    ,pyrrole ,249.7,
195,C4H5NO2 ,succinimide,400.0,
196,C4H5NS ,4-methylthiazole,229.1,
197,C4H5NS ,5-methylthiazole,232.8,
198,C4H5NS ,2-methylthiazole,248.6,
199,C4H6 ,1-butyne,147.4,
200,C4H6 ,"1,2-butadiene",136.9,
201,C4H6 ,"1,3-butadiene",164.2,
202,C4H6  ,2-butyne,240.9,
203,C4H6N6O8 ,"1,3,5,5-tetranitro-1,3-diazacyclohexane",430.0,
204,C4H6O2,vinyl acetate,180.6,
205,C4H6O2 ,methyl acrylate,197.5,
206,C4H6O2 ,a-methylacrylic acid,287.5,
207,C4H6O2 ,cis-crotonic acid,344.4,
208,C4H6O3,p-dioxanone,301.7,
209,C4H6O3 ,propylene carbonate,218.2,
210,C4H6O4 ,dimethyl oxalate,327.6,
211,C4H6O4 ,succinic acid,457.0,
212,C4H6O5 ,(d) malic acid,376.0,
213,C4H6O5 ,(dl) malic acid II,396.0,
214,C4H6O5 ,(dl) malic acid I,402.0,
215,C4H7NO ,2-pyrrolidone,299.0,
216,C4H7NO ,methacrylamide,385.1,
217,C4H8  ,cyclobutane,182.4,
218,C4H8  ,cis-2-butene,134.3,
219,C4H8  ,1-butene,87.8,
220,C4H8  ,isobutene,132.4,
221,C4H8  ,trans-2-butene,167.6,
222,C4H8Br2O2 ,"(dl) 2,3-dibromo-1,4-butanediol",363.2,
223,C4H8Br2O2 ,"(d) 2,3-dibromo-1,4-butanediol",388.2,
224,C4H8Cl2O ,"1,5-dichloro-3-oxapentane",226.5,
225,C4H8Cl3O4P ,"dimethyl (2,2,2-trichloro-1-hydroxyethyl)phosphonate",384.0,
226,C4H8N2O2 ,N-acetylglycine amide,408.2,
227,C4H8N4O4 ,"1,3-dinitro-1,3-diazacyclohexane",354.0,
228,C4H8N6O5 ,"1,5-dinitro-3-nitroso-1,3,5-triazacycloheptane",440.0,
229,C4H8O ,2-butanone ,186.5,
230,C4H8O    ,tetrahydrofuran  ,164.8,
231,C4H8O    ,butanal ,176.8,
232,C4H8O2 ,"1,4-dioxane",284.1,
233,C4H8O2  ,butanoic acid,264.7,
234,C4H8O2   ,ethyl acetate,189.3,
235,C4H8O4 ,"1,3,5,7-tetroxane",385.0,
236,C4H8S    ,thiacyclopentane,177.0,
237,C4H8S2 ,"1,3-dithiane",327.2,
238,C4H8S2 ,"1,4-dithiane",384.6,
239,C4H9Br ,1-bromobutane,160.4,
240,C4H9Br ,2-bromobutane,160.3,
241,C4H9Br ,tert-butyl bromide,256.1,
242,C4H9Cl   ,tert-butyl chloride,248.1,
243,C4H9N    ,pyrrolidine,215.3,
244,C4H9NO2 ,"2-amino-2-methyl-1,3-propanediol",383.6,
245,C4H9NO2 ,2-amino-2-methylpropanediol,384.1,
246,C4H9NO3 ,2-methyl-2-nitro-1-propanol,361.0,
247,C4H9NO4 ,"2-methyl-2-nitro-1,3-propandiol",424.0,
248,C4H10,isobutane,113.7,
249,C4H10  ,butane,134.9,
250,C4H10N2O ,N-isopropylurea,280.8,
251,C4H10N2O ,N-propylurea,381.0,
252,C4H10N2O ,"1,1,3-trimethylurea",344.4,
253,C4H10N4O4 ,"N,N'-dimethyl-N,N'dinitro-1,2-ethanediamine",410.0,
254,C4H10O ,methyl propyl ether,134.0,
255,C4H10O  ,butyl alcohol,183.9,
256,C4H10O  ,isobutyl alcohol,171.2,
257,C4H10O  ,2-methyl-1-propanol,171.2,
258,C4H10O  ,(+)2-butanol,177.4,
259,C4H10O  ,2-butanol,184.7,
260,C4H10O  ,tert-butyl alcohol,299.0,
261,C4H10O   ,diethyl ether,156.9,
262,C4H10O   ,methyl isopropyl ether,127.3,
263,C4H10O2 ,"1,4-dihydroxybutane",293.6,
264,C4H10O4 ,"1,2,3,4-tetrahydroxybutane",396.0,
265,C4H10S ,isopropyl methyl sulfide ,171.7,
266,C4H10S  ,methyl propyl sulfide,160.2,
267,C4H10S   ,n-butyl mercaptan,157.5,
268,C4H10S   ,diethyl sulfide,169.2,
269,C4H10S   ,isobutyl mercaptan,128.3,
270,C4H10S   ,2-butanethiol,133.0,
271,C4H10S   ,tert-butyl mercaptan,274.4,
272,C4H10S2  ,diethyl disulfide,171.6,
273,C4H11N   ,tert-butyl amine,205.7,
274,C4H11NO2 ,"2-amino-2-methylpropane-1,3-diol",384.0,
275,C4H11NO3 ,"2-amino-2-hydroxymethylpropane-1,3-diol",407.5,
276,C4H12N2   ,"1,2-diamino-2-methylpropane",256.1,
277,C5H2Cl3O ,"3,5,6-trichloro-2-pyridinol",448.1,
278,C5H3F7O2 ,methyl perfluorobutanoate,191.4,
279,C5H4O2 ,furfural,235.1,
280,C5H5F3O2 ,trifluoromethyl (2-hydroxy-1-propenyl)ketone,232.4,
281,C5H5N,pyridine,231.5,
282,C5H6 ,cyclopentadiene,176.6,
283,C5H6N2 ,"1,3-dicyanopropane",244.2,
284,C5H6N2 ,4-aminopyridine,429.9,
285,C5H6N2   ,"2,2-dicyanopropane",307.5,
286,C5H6N2O2 ,thymine,321.3,
287,C5H6O    ,2-methylfuran,181.9,
288,C5H6O2  ,furfuryl alcohol,258.6,
289,C5H6S    ,3-methylthiophene,204.2,
290,C5H6S    ,2-methylthiophene,207.8,
291,C5H7N ,N-methylpyrrole,216.9,
292,C5H7NO2 ,ethyl cyanoacetate,246.8,
293,C5H7NS,"2,4-dimethylthiazole",222.9,
294,C5H8 ,1-cis-3-pentadiene,132.4,
295,C5H8  ,spiropentane,166.1,
296,C5H8  ,"2,3-pentadiene",147.5,
297,C5H8  ,methylenecyclobutane,138.5,
298,C5H8  ,cyclopentene,138.1,
299,C5H8  ,"3-methyl-1,2-butadiene",159.5,
300,C5H8  ,"1,2-pentadiene",135.9,
301,C5H8  ,"2-methyl-1,3-butadiene",127.3,
302,C5H8  ,"1,4-pentadiene",124.3,
303,C5H8  ,"trans-1,3-pentadiene",185.7,
304,C5H8Br4 ,pentaerythrityl tetrabromide,433.5,
305,C5H8Cl2O ,"3,3-bis-(chloromethyl)oxacyclobutane",292.2,
306,C5H8F4 ,pentaerythritol tetrafluoride,249.4,
307,C5H8O2 ,d-valerolactone,263.0,
308,C5H8O2 ,acetylacetone enol,254.8,
309,C5H8O2 ,methyl methacrylate,225.0,
310,C5H8O3 ,levulinic acid,306.2,
311,C5H8O4 ,glutaric acid,371.0,
312,C5H9Cl ,chlorocyclopentane,180.0,
313,C5H9N    ,2-cyano-2-methylpropane,292.1,
314,C5H9NO ,2-piperadone,342.3,
315,C5H10 ,methylcyclobutane,138.6,
316,C5H10  ,cyclopentane,179.7,
317,C5H10  ,2-methyl-2-butene,139.4,
318,C5H10  ,1-pentene,107.9,
319,C5H10  ,cis-2-pentene,121.8,
320,C5H10  ,trans-2-pentene,133.0,
321,C5H10  ,3-methyl-1-butene,104.7,
322,C5H10  ,2-methyl-1-butene,135.6,
323,C5H10ClNO ,2-chloro-N-isopropylacetamide,351.3,
324,C5H10N2O2,N-acetylsarcosinamide,412.7,
325,C5H10N2O2 ,N-acetyl-L-alanine amide,431.0,
326,C5H10N2O2S ,5-methyl N-(methylcarbamoyloxy)thioacetimidate,352.7,
327,C5H10N2O3 ,alanylglycine (with decomp),508.0,
328,C5H10N4O4 ,"1,3-dinitro-1,3-diazacycloheptane",374.0,
329,C5H10O ,isopropyl methyl ketone,180.0,
330,C5H10O ,3-pentanone,234.2,
331,C5H10O ,pivaldehyde,272.1,
332,C5H10O  ,cyclopentanol,257.4,
333,C5H10O   ,2-pentanone ,196.3,
334,C5H10O2 ,pentanoic acid,239.5,
335,C5H10O2 ,"2,2-dimethylpropanoic acid (pivalic acid)",309.1,
336,C5H10O4 ,"2,2-bis-hydroxymethylpropanoic acid",468.0,
337,C5H10S  ,cyclopentanethiol,155.4,
338,C5H10S   ,2-methylcyclothiapentane,172.4,
339,C5H10S   ,3-methylcyclothiapentane,192.0,
340,C5H10S   ,thiacyclohexane,292.3,
341,C5H11Br,3-bromopentane,167.3,
342,C5H11Br ,1-bromopentane,185.1,
343,C5H11N   ,cyclopentylamine,190.4,
344,C5H11NO ,piperidine,262.1,
345,C5H11NO3S ,2-methyl-2-(methylsulfonyl)propanal oxime,382.0,
346,C5H12 ,2-methylbutane,113.4,
347,C5H12 ,"2,2-dimethylpropane",256.5,
348,C5H12  ,pentane,143.5,
349,C5H12N2O ,"1,1-diethylurea",342.3,
350,C5H12N2O ,N-butylurea,369.3,
351,C5H12N2O ,N-tert-butylurea,449.8,
352,C5H12N2O ,"1,3-diethylurea",383.4,
353,C5H12N2O ,tetramethylurea,272.2,
354,C5H12N2O2,N-methyl-N-nitrobutanamine ,331.0,
355,C5H12NO3PS2,"O,O-dimethyl S-[2-(methylamino)-2-oxoethyl] phosphorodithioate",321.0,
356,C5H12O,2-pentanol,200.0,
357,C5H12O,3-pentanol,204.2,
358,C5H12O ,2-methyl-2-butanol,264.0,
359,C5H12O  ,1-pentanol,195.6,
360,C5H12O  ,"2,2-dimethyl-1-propanol",264.0,
361,C5H12O   ,ethyl propyl ether,145.7,
362,C5H12O   ,methyl n-butyl ether,157.5,
363,C5H12O   ,methyl tert-butyl ether ,164.6,
364,C5H12O2 ,"1,5-pentanediol",248.0,
365,C5H12O2 ,"2,2-dimethyl-1,3-propanediol",403.2,
366,C5H12O3 ,"2-hydroxymethyl-2-methyl-1,3-propanediol",470.0,
367,C5H12O4 ,pentaerythritol,538.7,
368,C5H12O5 ,"1,2,3,4,5-pentahydroxypentane (Xylitol)",365.7,
369,C5H12O5 ,"1,2,3,4,5-pentahydroxypentane (Ribitol)",374.7,
370,C5H12O5 ,"1,2,3,4,5-pentahydroxypentane  (D-Arabitol)",379.4,
371,C5H12S  ,2-methyl-2-butanethiol ,146.1,
372,C5H12S   ,ethyl propyl sulfide,156.1,
373,C5H12S   ,methyl butyl sulfide,175.6,
374,C5H12S   ,3-methyl-1-butanethiol,139.6,
375,C5H12S   ,1-pentanethiol,197.5,
376,C5H12S   ,methyl tert-butyl sulfide,190.8,
377,C5H12S   ,3-methyl-2-butanethiol,146.1,
378,C5H12S4   ,tetra(methylthia)methane,338.7,
379,C5H12SO2 ,tert-butylmethylsulfone,357.6,
380,C5H14N2  ,"N,N-dimethyl-1,3-propanediamine",194.4,
381,C6Cl3F3 ,"1,3,5-trichloro-2,4,6-trifluorobenzene",335.0,
382,C6Cl4O2 ,"2,3,5,6-tetrachloro-2,5-cyclohexadiene-1,4-dione",567.2,
383,C6Cl5NO2 ,pentachloronitrobenzene,418.0,
384,C6Cl6 ,hexachlorobenzene,505.0,
385,C6ClF5 ,chloropentafluorobenzene,257.5,
386,C6F5NO2 ,pentafluoronitrobenzene,250.5,
387,C6F6 ,hexafluorobenzene,278.3,
388,C6HBr5O ,pentabromophenol,502.0,
389,C6HCl4NO2 ,"1,2,4,5-tetrachloro-3-nitrobenzene",373.3,
390,C6HCl5 ,pentachlorobenzene,357.7,
391,C6HCl5O ,pentachlorophenol,462.5,
392,C6HF5 ,pentafluorobenzene,225.7,
393,C6HF5O  ,pentafluorophenol,310.6,
394,C6H2Br4 ,"1,2,4,5-tetrabromobenzene",453.1,
395,C6H2Cl4 ,"1,2,3,4-tetrachlorobenzene",320.0,
396,C6H2Cl4 ,"1,2,3,5-tetrachlorobenzene",323.9,
397,C6H2Cl4 ,"1,2,4,5-tetrachlorobenzene",421.2,
398,C6H2Cl5N ,pentachloroaniline,505.8,
399,C6H2F4 ,"1,2,3,4-tetrafluorobenzene",233.3,
400,C6H2F4 ,"1,2,4,5-tetrafluorobenzene",277.0,
401,C6H2F4 ,"1,2,3,5-tetrafluorobenzene",226.9,
402,C6H2F5N ,pentafluoroaniline,306.8,
403,C6H3Br3O ,"2,4,6-tribromophenol",366.2,
404,C6H3BrCl2O ,"4-bromo-2,5-dichlorophenol",343.4,
405,C6H3Cl3 ,"1,3,5-trichlorobenzene",336.7,
406,C6H3Cl3 ,"1,2,3-trichlorobenzene",326.9,
407,C6H3Cl3O ,"2,4,5-trichlorophenol",340.3,
408,C6H3Cl4N ,2-chloro-6-(trichloromethyl)pyridine,337.8,
409,C6H3ClN2O4,"2,4-dinitrochlorobenzene",325.2,
410,C6H3ClN2O4,"2,6-dinitrochlorobenzene",361.2,
411,C6H3N3O6 ,"1,3,5-trinitrobenzene",380.3,
412,C6H3N3O7 ,picric acid,394.1,
413,C6H3N3O8 ,"2,4,6-trinitroresorcinol",454.8,
414,C6H4Br2 ,"1,3-dibromobenzene",266.3,
415,C6H4Br2 ,"1,2-dibromobenzene",275.0,
416,C6H4Br2 ,"1,4-dibromobenzene",360.1,
417,C6H4Br2O ,"2,4-dibromophenol",313.0,
418,C6H4BrCl ,"1,3-bromochlorobenzene",252.0,
419,C6H4BrCl ,"1,2-bromochlorobenzene",260.6,
420,C6H4BrCl ,"1,4-bromochlorobenzene",337.8,
421,C6H4BrI ,"1,3-bromoiodobenzene",282.5,
422,C6H4BrI ,"1,2-bromoiodobenzene",294.2,
423,C6H4BrI  ,"1,4-bromoiodobenzene",363.3,
424,C6H4Cl2 ,"1,3-dichlorobenzene",248.4,
425,C6H4Cl2 ,"1,2-dichlorobenzene",256.5,
426,C6H4Cl2  ,"1,4-dichlorobenzene",326.0,
427,C6H4Cl2N2O2 ,"2,6-dichloro-4-nitroaniline",466.8,
428,C6H4Cl2O ,"2,6-dichlorophenol",340.0,
429,C6H4Cl2O ,"3,5-dichlorophenol",341.0,
430,C6H4Cl2O ,"2,4-dichlorophenol",318.0,
431,C6H4Cl2O ,"2,3-dichlorophenol",330.0,
432,C6H4Cl2O ,"2,5-dichlorophenol",331.0,
433,C6H4Cl2O ,"3,4-dichlorophenol",341.0,
434,C6H4ClNO2 ,"1,2-chloronitrobenzene",308.2,
435,C6H4ClNO2 ,"1,3-nitrochlorobenzene",317.6,
436,C6H4ClNO2 ,"1,4-nitrochlorobenzene",354.6,
437,C6H4F2,"1,2-difluorobenzene",226.0,
438,C6H4F2   ,"1,3-difluorobenzene",204.0,
439,C6H4I2 ,"1,2-diiodobenzene",296.6,
440,C6H4I2 ,"1,3-diiodobenzene",307.4,
441,C6H4I2 ,"1,4-diiodobenzene",402.0,
442,C6H4N2O4 ,"1,4-dinitrobenzene   ",446.7,
443,C6H4N2O4 ,"1,3-dinitrobenzene ",363.2,
444,C6H4N2O4 ,"1,2-dinitrobenzene ",396.1,
445,C6H4N2O5,"2,3-dinitrophenol",417.0,
446,C6H4N2O5 ,"2,6-dinitrophenol",336.0,
447,C6H4N2O5 ,"2,5-dinitrophenol",381.0,
448,C6H4N2O5 ,"2,4-dinitrophenol",388.0,
449,C6H4N2O5 ,"3,4-dinitrophenol",407.0,
450,C6H4O2 ,p-benzoquinone,388.0,
451,C6H5Br  ,bromobenzene,242.4,
452,C6H5BrCl2N ,"4-bromo-2,5-dichloroaniline",343.4,
453,C6H5BrO ,4-bromophenol,336.0,
454,C6H5Cl  ,chlorobenzene           ,227.9,
455,C6H5Cl2N ,"2,6-dichloro-4-benzenamine",467.2,
456,C6H5ClO,4-chlorophenol,315.9,
457,C6H5ClO ,2-chlorophenol,283.0,
458,C6H5ClO ,3-chlorophenol,305.8,
459,C6H5F ,fluorobenzene,230.9,
460,C6H5I ,iodobenzene,241.8,
461,C6H5NO2 ,picolinic acid,411.0,
462,C6H5NO2 ,nicotinic acid,510.0,
463,C6H5NO2 ,isonicotinic acid,593.0,
464,C6H5NO2  ,nitrobenzene,278.8,
465,C6H5NO3 ,o-nitrophenol,318.2,
466,C6H5NO3 ,m-nitrophenol,371.2,
467,C6H5NO3 ,p-nitrophenol,388.2,
468,C6H6,"2,4-hexadiyne",117.9,
469,C6H6  ,benzene,278.7,
470,C6H6Cl6 ,"1a,2a,3ß,4a,5a,6ß-hexachlorocyclohexane",386.8,
471,C6H6N2O2,2-nitroaniline ,344.4,
472,C6H6N2O2 ,4-nitroaniline,420.2,
473,C6H6N2O2 ,3-nitroaniline,387.2,
474,C6H6N6O14 ,"2,2,2-trinitroethyl 4,4,4-trinitrobutyrate",366.5,
475,C6H6O ,phenol,314.0,
476,C6H6O2  ,"1,2-dihydroxybenzene",376.9,
477,C6H6O2  ,"1,3-dihydroxybenzene",382.6,
478,C6H6O2  ,"1,4-dihydroxybenzene",453.0,
479,C6H6O3 ,"1,2,3-trihydroxybenzene",407.2,
480,C6H6S    ,thiophenol,258.2,
481,C6H7N    ,aniline,267.1,
482,C6H7N    ,2-methylpyridine,206.5,
483,C6H7N    ,3-methylpyridine,255.0,
484,C6H7NO ,m-aminophenol,399.0,
485,C6H7NO ,p-aminophenol,462.5,
486,C6H7NO ,o-aminophenol,447.4,
487,C6H7NO2,n-ethyl-a-cyanoacrylate,243.2,
488,C6H8   ,"1,3-cyclohexadiene",161.0,
489,C6H8   ,"1,4-cyclohexadiene",224.0,
490,C6H8ClO2 ,chloroethyl methacrylate,235.1,
491,C6H8N2 ,m-phenylenediamine,335.5,
492,C6H8N2 ,phenylhydrazine,292.8,
493,C6H8N2 ,p-phenylenediamine,412.3,
494,C6H8N2 ,o-phenylenediamine,373.9,
495,C6H8N2O2 ,"1,3-dimethyluracil",398.0,
496,C6H8N2O2S,p-aminobenzene sulphonamide,439.3,
497,C6H8N4O2 ,bis(2-cyanoethyl)-N-nitroamine,327.0,
498,C6H8O2 ,"1,4-cyclohexanedione",348.2,
499,C6H8O4   ,dimethyl maleate ,254.0,
500,C6H8O4   ,"DL 3,6-dimethyl-1,4-dioxane-2,5-dione",397.5,
501,C6H8O4   ,dimethyl fumarate,375.0,
502,C6H8S    ,"2,5-dimethylthiophene",210.6,
503,C6H9N ,"2,5-dimethylpyrrole",280.9,
504,C6H9N ,"2,4-dimethylpyrrole",268.5,
505,C6H9NO,N-vinylpyrrolidone,286.2,
506,C6H9NS ,"2,4,5-trimethylthiazole",240.7,
507,C6H10  ,cyclohexene,169.7,
508,C6H10O ,cyclohexanone,245.2,
509,C6H10O2 ,e-caprolactone,272.0,
510,C6H10O4 ,adipic acid,426.4,
511,C6H10O6 ,(d) dimethyl tartrate,322.2,
512,C6H10O6 ,(dl) dimethyl tartrate,360.2,
513,C6H11Br ,bromocyclohexane,216.9,
514,C6H11Cl ,chlorocyclohexane,229.3,
515,C6H11FO5,3-deoxy-3-fluoro-D-glucopyranose,378.2,
516,C6H11FO5,6-deoxy-6-fluoro-D-glucopyranose,412.2,
517,C6H11FO5,2-deoxy-2-fluoro-D-glucopyranose,427.2,
518,C6H11N2O3 ,N-dimethylaminosuccinamic acid,431.4,
519,C6H11N2O3PS3  ,"S-2,3-dihydro-5-methoxy-2-oxo-1,3,4-thiadiazol-3-ylmethyl-O,O-dimethyl phosphorodithioate",315.1,
520,C6H11NO ,e-caprolactam,343.3,
521,C6H11NO ,cyclohexanone oxime,273.4,
522,C6H11NO2,"5,5-dimethylperhydro-1,3-oxazine-2-one",440.1,
523,C6H12,4-methylpent-1-ene,118.9,
524,C6H12 ,cis-2-hexene,132.0,
525,C6H12  ,methylcyclopentane,130.7,
526,C6H12  ,1-hexene,133.4,
527,C6H12  ,"2,3-dimethyl-2-butene",198.9,
528,C6H12  ,cyclohexane,279.8,
529,C6H12  ,"3,3-dimethyl-1-butene",158.4,
530,C6H12N2O3 ,b-alanyl-b-alanine,480.1,
531,C6H12N2O3 ,a-alanyl-a-alanine (DL),483.2,
532,C6H12N2O4,"mono(2,2-dimethylhydrazide) butanedioic acid",431.4,
533,C6H12O ,hexanal,243.2,
534,C6H12O ,1-methylcyclopentanol,310.2,
535,C6H12O ,cyclohexanol,297.0,
536,C6H12O   ,2-hexanone,217.7,
537,C6H12O   ,"3,3-dimethyl-2-butanone",221.7,
538,C6H12O   ,3-hexanone,217.7,
539,C6H12O2 ,"2,2-dimethyl-1,3-dioxan",229.6,
540,C6H12O2 ,"cis-1,2-cyclohexanediol",371.6,
541,C6H12O2 ,"trans-1,2-cyclohexanediol",372.3,
542,C6H12O3 ,"2,4,6-trimethyl-1,3,5-trioxane",285.7,
543,C6H12O5,3-deoxy-D-glucopyranose,387.2,
544,C6H12O5,2-deoxy-D-glucopyranose,398.7,
545,C6H12O5,1-deoxy-D-glucopyranose,403.2,
546,C6H12O5,6-deoxy-D-glucopyranose,409.2,
547,C6H12O6,a-D-glucopyranose  (a-D-glucose),423.2,
548,C6H12O6  ,a-D-glucose,414.0,
549,C6H12O6  ,myo-inositol,496.9,
550,C6H12S   ,cyclopentyl methyl sulfide   ,169.9,
551,C6H12S   ,cyclohexanethiol  ,189.6,
552,C6H13Br ,1-bromohexane,188.1,
553,C6H13N ,2-methylpiperidine,269.4,
554,C6H13NO ,hexanamide,374.0,
555,C6H14  ,3-methylpentane,110.3,
556,C6H14  ,2-methylpentane,119.6,
557,C6H14  ,n-hexane,177.8,
558,C6H14  ,"2,2-dimethylbutane",174.3,
559,C6H14  ,"2,3-dimethylbutane",145.2,
560,C6H14O ,1-hexanol,225.8,
561,C6H14O   ,4-oxaheptane,158.4,
562,C6H14O   ,isopropyl ether ,187.8,
563,C6H14O2 ,"1,6-hexanediol",314.7,
564,C6H14O2 ,"2,3-dimethyl-2,3-butanediol",316.2,
565,C6H14O3   ,"2,5,8-trioxanonane",209.1,
566,C6H14O6,L-iditol,352.8,
567,C6H14O6 ,D sorbitol,366.5,
568,C6H14O6 ,D mannitol,439.1,
569,C6H14O6 ,dulcitol,460.3,
570,C6H14S ,butyl ethyl sulfide,178.1,
571,C6H14S   ,dipropyl sulfide ,170.4,
572,C6H14S   ,1-hexanethiol,192.6,
573,C6H14S   ,diisopropyl sulfide,195.1,
574,C6H14S2  ,dipropyl disulfide ,187.7,
575,C6N4 ,tetracyanoethylene,472.2,
576,C7F8 ,perfluorotoluene,207.0,
577,C7H3Br2NO ,"3,5-dibromo-4-hydroxybenzonitrile",464.0,
578,C7H3Cl2N ,"2,6-dichlorobenzonitrile",417.2,
579,C7H3Cl3O2 ,"2,3,6-trichlorobenzoic acid",402.7,
580,C7H3F5   ,"2,3,4,5,6-pentafluorotoluene",243.7,
581,C7H3I2NO ,"4-hydroxy-3,5-diiodobenzonitrile",482.9,
582,C7H3I3O2 ,"2,3,5-triiodobenzoic acid",503.8,
583,C7H4Cl2O2 ,"3,5-dichlorobenzoic acid",459.3,
584,C7H4Cl3NO3 ,"3,5,6-trichloro-2-pyridinyloxyacetic acid",423.3,
585,C7H4N2O6 ,"3,5-dinitrobenzoic acid",480.4,
586,C7H5Cl2NO2 ,"3-amino-2,5-dichlorobenzoic acid",475.6,
587,C7H5Cl3 ,benzotrichloride,236.0,
588,C7H5Cl3N2O2 ,"methyl 4-amino-3,5,6-trichloro-2-picolinate",394.3,
589,C7H5ClO2 ,2-chlorobenzoic acid,413.4,
590,C7H5ClO2 ,3-chlorobenzoic acid,427.4,
591,C7H5ClO2 ,4-chlorobenzoic acid,512.9,
592,C7H5F3    ,benzotrifluoride,244.0,
593,C7H5IO2 ,2-iodobenzoic acid,435.1,
594,C7H5IO2 ,3-iodobenzoic acid,460.4,
595,C7H5IO2 ,4-iodobenzoic acid,543.8,
596,C7H5N ,benzonitrile,260.3,
597,C7H5N3O6  ,"2,4,6-trinitrotoluene",352.2,
598,C7H5N3O6  ,"2,4,5-trinitrotoluene",376.2,
599,C7H5N5O8 ,"N-methyl-2,4,6,N-tetranitroaniline",402.6,
600,C7H5NO ,benzoxazole,302.5,
601,C7H5NO4 ,m-nitrobenzoic acid,414.3,
602,C7H5NO4 ,p-nitrobenzoic acid,512.4,
603,C7H5NO4  ,o-nitrobenzoic acid,419.0,
604,C7H5NS    ,benzothiazole,275.6,
605,C7H6N2 ,benzimidazole,443.2,
606,C7H6N2O4 ,"2,4-dinitrotoluene",343.3,
607,C7H6N2O4  ,"2,6-dinitrotoluene",327.5,
608,C7H6N2O4  ,"3,4-dinitrotoluene",329.5,
609,C7H6N2O4  ,"2,3-dinitrotoluene",329.8,
610,C7H6N2O5 ,"2-methyl-4,6-dinitrophenol",359.3,
611,C7H6O  ,benzaldehyde ,216.0,
612,C7H6O2   ,benzoic acid,395.5,
613,C7H6O3 ,4-hydroxybenzoic acid,488.1,
614,C7H6O3 ,2-hydroxybenzoic acid,431.8,
615,C7H6O3 ,3-hydroxybenzoic acid,475.1,
616,C7H7Br ,benzylbromide,271.8,
617,C7H7Br ,4-bromotoluene,301.2,
618,C7H7Cl ,p-chlorotoluene,280.7,
619,C7H7Cl3NO3PS ,"O,O-dimethyl-O-(3,5,6-trichloro-2-pyridyl)phosphorothioate",318.7,
620,C7H7ClN2S ,1-(o-chlorophenyl)thiourea,413.5,
621,C7H7F ,3-fluorotoluene,184.0,
622,C7H7F ,2-fluorotoluene,210.7,
623,C7H7F     ,4-fluorotoluene,216.5,
624,C7H7I ,benzyliodide,299.5,
625,C7H7I ,p-iodotoluene,306.7,
626,C7H7N3O2 ,N-acetyl-pyrazinamide,366.7,
627,C7H7NO ,benzamide,402.3,
628,C7H7NO2 ,4-aminobenzoic acid,461.4,
629,C7H7NO2 ,2-aminobenzoic acid,417.8,
630,C7H7NO2 ,3-aminobenzoic acid,452.9,
631,C7H7NO2 ,3-nitrotoluene,288.7,
632,C7H7NO2   ,4-nitrotoluene,324.8,
633,C7H7NO3 ,2-nitro-5-methylphenol,302.8,
634,C7H7NO3 ,4-nitro-5-methylphenol,401.0,
635,C7H8   ,toluene,178.0,
636,C7H8   ,cycloheptatriene,198.0,
637,C7H8N2O ,phenylurea,420.6,
638,C7H8N4O2 ,theophylline,544.0,
639,C7H8O ,benzyl alcohol,257.6,
640,C7H8O  ,p-hydroxytoluene,307.9,
641,C7H8O  ,m-hydroxytoluene,285.4,
642,C7H8O  ,o-hydroxytoluene,304.2,
643,C7H8O  ,methoxybenzene,293.2,
644,C7H8O2,4-methoxyphenol,328.4,
645,C7H8S     ,methylphenylsulfide,256.4,
646,C7H9N ,m-toluidine,241.7,
647,C7H9N ,"2,4-dimethylpyridine",209.4,
648,C7H9N ,"3,5-dimethylpyridine",266.9,
649,C7H9N ,"2,6-dimethylpyridine",267.1,
650,C7H9N ,p-toluidine,316.5,
651,C7H9N ,"2,3-dimethylpyridine",258.6,
652,C7H9N ,"2,5-dimethylpyridine",259.1,
653,C7H9N ,"3,4-dimethylpyridine",262.7,
654,C7H9N  ,o-toluidine,287.6,
655,C7H9N5O12 ,"2,2,2-trinitroethyl-4,4-dinitropentanoate",366.7,
656,C7H9N5O12 ,"2,2-dintropropyl-4,4,4-trinitrobutyrate",368.2,
657,C7H10N2O2 ,"1,3,6-trimethyluracil",384.5,
658,C7H10O3 ,"3,3-dimethylpentanedioic anhydride",396.2,
659,C7H11N ,cyanocyclohexane,285.1,
660,C7H12 ,4-methylcyclohex-1-ene,153.6,
661,C7H12 ,cycloheptene,217.0,
662,C7H12O2 ,butyl acrylate,209.5,
663,C7H12O4 ,pimilic acid,377.5,
664,C7H12O4S2 ,(d) methylenebisthiopropionic acid,355.0,
665,C7H12O4S2 ,(dl) methylenebisthiopropionic acid,429.0,
666,C7H13N3O3S ,"N,N-dimethyl-2-methylcarbamoyloxyimino-2-(methylthio)acetamide",372.2,
667,C7H13N3O3S ,"N,N-dimethyl-2-methylcarbamoyloxyimino-2-(methylthio)acetamide",372.2,
668,C7H13NO ,z-enantholactam,310.3,
669,C7H14,ethylcyclopentane,134.7,
670,C7H14  ,methylcyclohexane,146.6,
671,C7H14  ,"trans-1,3-dimethylcyclopentane",139.5,
672,C7H14  ,"1,1-dimethylcyclopentane",203.7,
673,C7H14  ,1-heptene,154.3,
674,C7H14  ,cycloheptane,265.1,
675,C7H14  ,"cis-1,2-dimethylcyclopentane",219.4,
676,C7H14N2O2S ,2-methyl-2(methylthio)propionaldehyde O-methylcarbamoyloxime,374.0,
677,C7H14O,2-heptanone,237.7,
678,C7H14O,3-heptanone,236.0,
679,C7H14O,4-heptanone,240.2,
680,C7H14O,diisopropyl ketone,204.8,
681,C7H14O ,heptanal,229.3,
682,C7H14O ,cycloheptanol,280.3,
683,C7H14O ,1-methylcyclohexanol,299.2,
684,C7H14O2 ,heptanoic acid,265.8,
685,C7H14O6,methyl a-D-mannopyranoside,455.2,
686,C7H15Br,1-bromoheptane,214.4,
687,C7H15Cl2N2O2P ,"2-[bis(2-chloroethyl)amino]tetrahydro-2H-1,3,2-oxazophosphorine-2-oxide",322.6,
688,C7H16 ,"2,2,3-trimethylbutane",247.7,
689,C7H16  ,"2,2-dimethylpentane",148.1,
690,C7H16  ,"3,3-dimethylpentane",138.2,
691,C7H16  ,heptane,182.6,
692,C7H16  ,3-ethylpentane,154.6,
693,C7H16  ,2-methylhexane,154.9,
694,C7H16  ,"2,4-dimethylpentane",154.0,
695,C7H16O  ,1-heptanol,240.4,
696,C7H16O2 ,"1,7-heptanediol",295.2,
697,C7H16S    ,1-heptanethiol,229.9,
698,C8Cl4N2 ,"2,4,5,6-tetrachloro-1,3-benzenedicarbonitile",526.2,
699,C8H3NO5 ,4-nitrophthalic anhydride,388.2,
700,C8H3NO5 ,3-nitrophthalic anhydride,436.2,
701,C8H4Cl2O2 ,terephthalyl dichloride,356.1,
702,C8H4N2 ,"1,2-dicyanobenzene",414.1,
703,C8H4O3 ,phthalic anhydride,403.3,
704,C8H5Br3,"2,4,5-tribromostyrene",340.3,
705,C8H5Cl3O2 ,"2,3,6-trichlorophenylacetic acid",432.3,
706,C8H5Cl3O3 ,"(2,4,5-trichlorophenoxy)acetic acid",431.2,
707,C8H6 ,phenylacetylene,228.0,
708,C8H6Cl2O3 ,"3,6-dichloro-2-methoxybenzoic acid",386.7,
709,C8H6Cl2O3 ,"3,4-dichloro-2-methoxybenzoic acid",412.5,
710,C8H6Cl2O3 ,"(2,4-dichlorophenoxy)acetic acid",412.5,
711,C8H6Cl2O4 ,"3,6-dichloro-5-hydroxy-2-methoxybenzoic acid",409.8,
712,C8H6Cl4 ,tetrachloro-p-xylene,368.2,
713,C8H6Cl4 ,tetrachloro-o-xylene,359.2,
714,C8H6Cl4O4 ,methyl tetrachloroterephthalic acid ester,444.3,
715,C8H6N2 ,quinoxaline,305.7,
716,C8H6N2 ,quinazoline ,320.9,
717,C8H6N2 ,phthalazine ,364.5,
718,C8H6S     ,benzothiophene,304.5,
719,C8H7Cl2NO,"methyl-3,4-dichlorophenylcarbamate",381.4,
720,C8H7ClO3 ,(dl) o-chloromandelic acid,358.5,
721,C8H7ClO3 ,(d) o-chloromandelic acid,392.5,
722,C8H7ClO3 ,(d) p-chloromandelic acid,394.0,
723,C8H7ClO3 ,(dl) p-chloromandelic acid,394.0,
724,C8H7ClO3 ,4-chlorophenoxyacetic acid,429.6,
725,C8H7FO3 ,(d) o-fluoromandelic acid,363.0,
726,C8H7FO3 ,(dl) m-fluoromandelic acid,370.0,
727,C8H7FO3 ,(dl) o-fluoromandelic acid,390.0,
728,C8H7FO3 ,(d) m-fluoromandelic acid,394.0,
729,C8H7FO3 ,(dl) p-fluoromandelic acid,403.0,
730,C8H7FO3 ,(d) p-fluoromandelic acid,426.0,
731,C8H7N3O6 ,"2,4,6-trinitro-1,3-dimethylbenzene",455.4,
732,C8H7N5O8  ,"2,4,6-N-tetranitroethylaniline",369.0,
733,C8H7N5O8  ,"2,4,6,N-tetranitro-N-methyltoluidene ",375.6,
734,C8H8   ,cyclooctatetraene,268.5,
735,C8H8   ,styrene,242.3,
736,C8H8Br2 ,"a,a'-dibromo-m-xylene",350.2,
737,C8H8Br2 ,"a,a'-dibromo-o-xylene",368.2,
738,C8H8BrCl2O3PS ,"O-(4-bromo-2,5-dichlorophenyl) O,O-dimethyl phosphorothioate",325.3,
739,C8H8Cl2 ,"a,a'-dichloro-m-xylene",307.2,
740,C8H8Cl2 ,"a,a'-dichloro-o-xylene",328.2,
741,C8H8Cl2 ,"a,a'-dichloro-p-xylene",373.2,
742,C8H8Cl2O2 ,"1,4-dichloro-2,5-dimethoxybenzene",403.9,
743,C8H8Cl2O3 ,"methyl 3,6-dichloro-2-methoxybenzoate",304.6,
744,C8H8Cl3O3PS ,"O,O-dimethyl O-(2,4,5-trichlorophenyl) phosphorothioate ",313.0,
745,C8H8ClNO2 ,N-methyl-2-chlorophenylcarbamic acid ester,362.7,
746,C8H8O2 ,methyl benzoate,261.0,
747,C8H8O2 ,phenylacetic acid,349.9,
748,C8H8O2  ,o-toluic acid,376.9,
749,C8H8O2  ,m-toluic acid,381.9,
750,C8H8O2  ,p-toluic acid,452.8,
751,C8H8O2S ,phenyl vinyl sulfone,343.4,
752,C8H8O3 ,(dl) mandelic acid,392.0,
753,C8H8O3 ,4-hydroxyphenylacetic acid,423.6,
754,C8H8O3 ,(d) mandelic acid,406.0,
755,C8H8O3 ,methyl 4-hydroxybenzoate,398.5,
756,C8H8O3 ,4-methoxybenzoic acid,457.8,
757,C8H9ClNO5PS ,"O-(2-chloro-4-nitrophenyl) O,O-dimethyl phosphorothioate",323.9,
758,C8H9ClO3 ,(4-chloro-2-methylphenoxy)acetic acid,392.9,
759,C8H9NO ,3-aminoacetophenone,371.2,
760,C8H9NO ,4-aminoacetophenone,379.2,
761,C8H9NO    ,acetanilide,387.5,
762,C8H9NO2 ,methyl 4-aminobenzoate,385.1,
763,C8H9NO2  ,o-hydroxyacetanilide   ,364.5,
764,C8H9NO2   ,p-hydroxyacetanilide,441.2,
765,C8H9NO2   ,methyl N-phenylcarbamate    ,325.0,
766,C8H9O3PS ,"2-methoxy-4H-1,3,2-benzodioxaphosphorin 2-sulfide",327.9,
767,C8H10  ,ethylbenzene,178.2,
768,C8H10  ,m-xylene,225.3,
769,C8H10  ,o-xylene,247.8,
770,C8H10  ,p-xylene,286.3,
771,C8H10N4O2 ,caffeine,512.0,
772,C8H10NO5PS ,"O,O-dimethyl O-4-nitrophenyl phosphorothioate",308.2,
773,C8H10O ,"2,6-dimethylphenol",318.9,
774,C8H10O ,"3,5-dimethylphenol",336.8,
775,C8H10O ,"3,4-dimethylphenol",334.0,
776,C8H10O ,"2,3-dimethylphenol",346.0,
777,C8H10O ,"2,5-dimethylphenol",348.0,
778,C8H10O2S ,benzylmethylsulfone,400.5,
779,C8H10O4,"trans,cis-2,6-octadiene-1,8-dioic acid",380.0,
780,C8H10O4,"trans,trans-2,6-octadiene-1,8-dioic acid",541.0,
781,C8H11N ,"2,4,6-trimethylpyridine",229.0,
782,C8H11N ,"2,5-dimethylaniline",279.0,
783,C8H11N ,"N,N-dimethylaniline",275.6,
784,C8H11N5 ,"6,8,9-trimethyladenine",438.0,
785,C8H11N5O2 ,2-amino-9-[(2-hydroxyethoxy)methyl]-9H-purine,462.2,
786,C8H11N5O3 ,"2-amino-9-[(2-hydroxyethoxy)methyl]-1,9-dihydro-6H-purin-6-one",528.2,
787,C8H12  ,"cycloocta-1,5-diene",204.0,
788,C8H12N2 ,tetramethylsuccinonitrile,442.0,
789,C8H12N2O3 ,barbital,462.6,
790,C8H12N4O10 ,"2-methyl-2-nitropropyl-4,4,4-trinitrobutyrate",349.4,
791,C8H12N4O10 ,"2,2-dinitropropyl-4,4-dinitropentanoate",370.8,
792,C8H12NO5PS2 ,"O,O-dimethyl O-(4-aminosulfonylphenyl)phosphorothioate ",344.2,
793,C8H12O2 ,"1,5-cyclooctanedione ",341.2,
794,C8H14 ,cyclooctene,259.2,
795,C8H14N4OS ,"4-amino-6-(1,1-dimethylethyl)-3-(methylthio)1,2,4-triazin-5(4H)-one",399.4,
796,C8H14N6O10 ,"1,7-diacetoxy-2,4,6-trinitro-2,4,6-triazaheptane",422.5,
797,C8H14O4 ,suberic acid,415.3,
798,C8H14O4 ,tetramethysuccinic acid,464.0,
799,C8H15NO2 ,dimethylaminoethyl methacrylate,237.7,
800,C8H16  ,propylcyclopentane,155.8,
801,C8H16  ,ethylcyclohexane,161.4,
802,C8H16  ,1-octene,171.5,
803,C8H16  ,"trans-1,3-dimethylcyclohexane",183.1,
804,C8H16  ,"trans-1,2-dimethylcyclohexane",185.0,
805,C8H16  ,"cis-1,4-dimethylcyclohexane",185.7,
806,C8H16  ,"2,4,4-trimethyl-2-pentene",166.0,
807,C8H16  ,"1,1-dimethylcyclohexane",239.8,
808,C8H16  ,"cis-1,3-dimethylcyclohexane",197.6,
809,C8H16  ,"2,4,4-trimethyl-1-pentene",178.9,
810,C8H16  ,"cis-1,2-dimethylcyclohexane",223.3,
811,C8H16  ,cyclooctane,288.0,
812,C8H16  ,"trans-1,4-dimethylcyclohexane",236.2,
813,C8H16N2O2,N-acetyl-L-isoleucinamide,529.6,
814,C8H16N2O2 ,N-acetyl-D-leucine amide,404.0,
815,C8H16O,cyclooctanol,295.0,
816,C8H16O ,2-octanone,252.9,
817,C8H16O ,octanal,288.2,
818,C8H16O2,octanoic acid,289.7,
819,C8H16O2 ,butyl butanoate,181.7,
820,C8H16O2 ,hexyl ethanoate,212.1,
821,C8H16O2 ,"2,2,6,6-tetramethyl-1,3-dioxane",250.6,
822,C8H17Br,1-bromooctane,218.2,
823,C8H18 ,4-methylheptane,152.2,
824,C8H18 ,"2,2,3,3-tetramethylbutane",373.9,
825,C8H18  ,3-methylheptane,152.6,
826,C8H18  ,2-methylheptane,164.2,
827,C8H18  ,"2,2,4-trimethylpentane",165.3,
828,C8H18  ,"2,2,4-trimethylpentane",165.8,
829,C8H18  ,n-octane,216.4,
830,C8H18  ,"2,3,4-trimethylpentane",163.6,
831,C8H18N2O2 ,bis-hydroxyethylpiperazine,405.0,
832,C8H18N4O4 ,"N,N'-dimethyl-N,N'dinitro-1,6-hexanediamine",331.0,
833,C8H18O2 ,"1,8-octanediol",332.8,
834,C8H18O4,"1,2,7,8-tetrahydroxyoctane",352.2,
835,C8H18O4   ,"2,5,8,11-tetraoxadodecane",229.3,
836,C8H18S   ,1-octanethiol ,224.0,
837,C8H18S    ,di-n-butyl sulfide,198.1,
838,C9H4Cl3NO2S ,"2-[(trichloromethyl)thio]-1H-isoindole-1,3(2H)-dione",454.2,
839,C9H4Cl4O4   ,methyl tetrachloroterephthalic acid ester,444.3,
840,C9H4Cl8O ,"1,2,4,5,6,7,8,8-octachloro-2,3,3a,4,7,7a-hexahydro-4,7-methano-isobenzofuran",395.4,
841,C9H4O5,"trimellitic anhydride(1,2,4-benzenetricarboxylic acid)",438.2,
842,C9H5Cl3N4,"4,6-dichloro-N-(2-chlorophenyl)-1,3,5-triazin-2-amine",431.0,
843,C9H6Cl2N2O3 ,"2-(3,4-dichlorophenyl)-4-methyl-1,2,4-oxadiazolidine-3,5-dione",396.3,
844,C9H6O2 ,coumarin,342.1,
845,C9H6O2 ,chromone,330.3,
846,C9H7Cl3O3 ,"methyl 2-(2,4,5-trichlorophenoxy)acetate",361.9,
847,C9H7Cl3O3 ,"2-(2,4,5-trichlorophenoxy)propanoic acid",450.6,
848,C9H7N ,quinoline,258.4,
849,C9H7N ,isoquinoline,299.6,
850,C9H7N3S ,"5-methyl-1,2,4-triazolo[3,4-b]benzothiazole",460.2,
851,C9H8  ,indene,271.7,
852,C9H8Cl2O3 ,"methyl 3,6-dichloro-2-methoxybenzoate",304.6,
853,C9H8Cl2O3 ,"methyl 2,4-dichlorophenoxyacetate ",315.4,
854,C9H8Cl2O3 ,"2-(2,4-dichlorophenoxy)propanoic acid",389.2,
855,C9H8O2 ,cinnamic acid,406.2,
856,C9H8O4,4-acetoxybenzoic acid,467.2,
857,C9H9BrO3 ,(dl) 3-(m-bromophenyl)-3-hydroxypropanoic acid,349.0,
858,C9H9BrO3 ,(d) 3-(m-bromophenyl)-3-hydroxypropanoic acid,350.0,
859,C9H9BrO3 ,(dl) 3-(p-bromophenyl)-3-hydroxypropanoic acid,371.0,
860,C9H9BrO3 ,(d) 3-(p-bromophenyl)-3-hydroxypropanoic acid,398.0,
861,C9H9BrO3 ,(d) 2-(p-bromophenoxy)propanoic acid,380.0,
862,C9H9BrO3 ,(dl) 2-(p-bromophenoxy)propanoic acid,385.0,
863,C9H9Cl2NO ,"3',4'-dichloropropionanilide",363.7,
864,C9H9ClO3 ,(dl) 3-(m-chlorophenyl)-3-hydroxypropanoic acid,340.0,
865,C9H9ClO3 ,(dl) 3-(p-chlorophenyl)-3-hydroxypropanoic acid,357.0,
866,C9H9ClO3 ,(d) 3-(m-chlorophenyl)-3-hydroxypropanoic acid,368.0,
867,C9H9ClO3 ,(d) 3-(p-chlorophenyl)-3-hydroxypropanoic acid,385.0,
868,C9H9ClO3 ,(d) 2-(m-chlorophenoxy)propanoic acid,367.5,
869,C9H9ClO3 ,(d) 2-(o-chlorophenoxy)propanoic acid,369.0,
870,C9H9ClO3 ,(4-chloro-o-tolyloxy)acetic acid,392.9,
871,C9H9ClO3 ,(dl) 2-(m-chlorophenoxy)propanoic acid,386.0,
872,C9H9ClO3 ,(dl) 2-(o-chlorophenoxy)propanoic acid,388.0,
873,C9H9FO3 ,(dl) 3-(m-fluorophenyl)-3-hydroxypropanoic acid,290.0,
874,C9H9FO3 ,(d) 3-(m-fluorophenyl)-3-hydroxypropanoic acid,311.0,
875,C9H9FO3 ,(dl) 3-(o-fluorophenyl)-3-hydroxypropanoic acid,342.0,
876,C9H9FO3 ,(d) 3-(o-fluorophenyl)-3-hydroxypropanoic acid,348.0,
877,C9H9FO3 ,(dl) 3-(p-fluorophenyl)-3-hydroxypropanoic acid,362.0,
878,C9H9FO3 ,(d) 3-(p-fluorophenyl)-3-hydroxypropanoic acid,381.0,
879,C9H9NO4 ,[(benzoylamino)oxy] acetic acid,416.9,
880,C9H9NO5 ,(d) 2-(p-nitrophenoxy)propanoic acid,362.0,
881,C9H9NO5 ,(dl) 2-(p-nitrophenoxy)propanoic acid,411.4,
882,C9H10 ,a-methylstyrene,250.8,
883,C9H10BrClN2O2 ,3-(4-bromo-3-chlorophenyl)-1-methoxy-1-methylurea,369.8,
884,C9H10Cl2N2O ,"3-(3,4-dichlorophenyl)-1,1-dimethylurea",429.7,
885,C9H10Cl2N2O2 ,"N'-(3,4-dichlorophenyl)-N-methoxy-N-methylurea",365.8,
886,C9H10O ,chroman,269.8,
887,C9H10O ,isochroman,277.5,
888,C9H10O ,cinnamyl alcohol,308.2,
889,C9H10O2,"3,5-dimethylbenzoic acid",442.9,
890,C9H10O2,"2,3-dimethylbenzoic acid",417.6,
891,C9H10O2 ,phenyl glycidyl ether,279.8,
892,C9H10O2 ,hydrocinnamic acid,321.2,
893,C9H10O2 ,4-ethylbenzoic acid,386.2,
894,C9H10O2S ,tolyl vinyl sulfone,340.4,
895,C9H10O3 ,(dl) 3-phenyl-3-hydroxypropanoic acid,366.0,
896,C9H10O3 ,(d) 2-phenoxypropionic acid,359.0,
897,C9H10O3 ,4-hydroxyphenylpropionic acid,402.5,
898,C9H10O3 ,(d) 3-phenyl-3-hydroxypropanoic acid,391.0,
899,C9H10O3 ,(dl) 2-phenoxypropionic acid,388.0,
900,C9H10O3 ,4-methoxyphenylacetic acid,358.1,
901,C9H10O3 ,4-ethoxybenzoic acid,472.8,
902,C9H11BrN2O ,N'-(4-bromophenyl)-N-methoxy-N-methylurea,368.3,
903,C9H11Cl3NO3PS ,"O,O-diethyl-O-(3,5,6-trichloro-2-pyridyl)phosphorothioate",315.0,
904,C9H11Cl3NO4P ,"O,O-diethyl-O-(3,5,6-trichloro-2-pyridyl) phosphate",312.5,
905,C9H11ClN2O ,"3-(4-chlorophenyl)-1,1-dimethylurea",447.6,
906,C9H11ClN2O2 ,N'-(4-chlorophenyl)-N-methoxy-N-methylurea,353.4,
907,C9H11N ,"5,6,7,8-tetrahydroquinoline",222.7,
908,C9H11N ,"1,2,3,4-tetrahydroquinoline",290.0,
909,C9H11NO2 ,ethyl 4-aminobenzoate,362.8,
910,C9H11NO2  ,ethyl phenyl carbamate,326.0,
911,C9H11NO2   ,p-methoxyacetanilide,400.3,
912,C9H12  ,"1,3,5-trimethylbenzene",228.4,
913,C9H12  ,n-propylbenzene,173.6,
914,C9H12  ,isopropylbenzene,177.1,
915,C9H12  ,"1,2,3-trimethylbenzene",247.8,
916,C9H12  ,"1,2,4-trimethylbenzene",229.3,
917,C9H12N2O ,"1,1-dimethyl-3-phenylurea",404.8,
918,C9H13BrN2O2 ,"5-bromo-6-methyl-3-(1-methylpropyl)-2,4(1H,3H)-pyrimidinedione",428.3,
919,C9H13ClN2O2 ,"5-chloro-3-(1,1-dimethylethyl)-6-methyl-2,4(1H,3H)-pyrimidinedione",448.0,
920,C9H13ClN6 ,"2-[[4-chloro-6-(ethylamino)-1,3,5-triazin-2-yl]amino]-2-methylpropanenitrile ",437.9,
921,C9H14O6 ,glyceryl triacetate,275.3,
922,C9H15N3O3,N-acetyl-L-prolyl-glycinamide,434.1,
923,C9H15N3O3,N-acetylglycyl-L-prolinamide,457.8,
924,C9H15N3O8 ,"neopentyl-4,4,4-trinitrobutyrate",333.5,
925,C9H16N4OS ,"N-[5-(1,1-dimethylethyl)-1,3,4-thiadiazol-2-yl]-N,N'-dimethylurea",435.3,
926,C9H16O4 ,azelaic acid,380.0,
927,C9H18 ,n-butylcyclopentane,165.2,
928,C9H18 ,n-propylcyclohexane,178.3,
929,C9H18 ,1-nonene,191.6,
930,C9H18N2O2S ,"3,3-dimethyl-1-(methylthio)-2-butanone O-methylcarbamoyloxime",330.2,
931,C9H18O ,nonanal,253.9,
932,C9H18O    ,5-nonanone,223.2,
933,C9H18O2 ,nonanoic acid,285.5,
934,C9H19Br,1-bromononane,243.2,
935,C9H20 ,"2,2-dimethylheptane ",160.0,
936,C9H20 ,3-ethylheptane ,158.0,
937,C9H20 ,"2,2,4,4-tetramethylpentane",206.7,
938,C9H20 ,"3,3-diethylpentane",240.1,
939,C9H20 ,"2,2,3,3-tetramethylpentane",263.4,
940,C9H20  ,nonane,219.7,
941,C9H20N2O ,"1,3-dibutylurea",346.9,
942,C9H20N2O ,"1,1,3,3-tetraethylurea",253.0,
943,C9H20O ,"2,2,4,4-tetramethylpentan-3-ol",322.0,
944,C9H20O2 ,"1,9-nonanediol",319.6,
945,C9H20O2S ,"3(n-hexylthio)-1,2-propanediol",290.8,
946,C9H20O3 ,"3(n-hexyloxy)-1,2-propanediol",272.9,
947,C9H20S   ,1-nonanethiol,267.7,
948,C10H2O6   ,"pyromellitic dianhydride  1,2,5,6-benzenetetracarboxylic dianhydride  ",557.2,
949,C10H4Cl2O2 ,"2,3-dichloro-1,4-naphthalenedione",469.0,
950,C10H5Cl7 ,"1,4,5,6,7,8,8-heptachloro-3a,4,7,7a-tetrahydro-4,7-endo-methanoindene ",371.0,
951,C10H6Cl4O4 ,"dimethyl-2,3,5,6-tetrachloro-1,4-benzenedicarboxylate",431.7,
952,C10H6N2OS2 ,"6-methyl-1,3-dithiolo[4,5-b]quinoxalin-2-one",443.2,
953,C10H6OS2  ,"naphthalene 1,8-disulfide s-oxide",421.2,
954,C10H6S2 ,"naphthalene 1,8-disulfide",394.8,
955,C10H7Br ,1-bromonaphthalene,271.4,
956,C10H7Br ,2-bromonaphthalene,329.0,
957,C10H7Cl ,1-chloronaphthalene,270.7,
958,C10H7Cl ,2-chloronaphthalene,332.0,
959,C10H7I ,1-iodonaphthalene,280.0,
960,C10H7I ,2-iodonaphthalene,327.6,
961,C10H7NO2 ,1-nitronaphthalene,329.9,
962,C10H8 ,azulene,373.5,
963,C10H8  ,naphthalene,353.4,
964,C10H8ClN3O ,5-amino-4-chloro-2-phenyl-3(2H)-pyridazinone,479.2,
965,C10H8ClN3O2 ,4-(2-chlorophenylhydrazone)-3-methyl-5-isoxazolone,440.4,
966,C10H8O   ,a-naphthol,369.0,
967,C10H8O   ,ß-naphthol,393.6,
968,C10H8O3 ,4-methyl-7-hydroxycoumarin,460.7,
969,C10H9Cl2NO ,"N-(3,4-dichlorophenyl)-2-methyl-2-propenamide",395.5,
970,C10H9Cl3O3 ,"4-(2,4,5-trichlorophenoxy)butanoic acid",386.7,
971,C10H9Cl3O3 ,"methyl 2-(2,4,5-trichlorophenoxy)propionate",360.6,
972,C10H9Cl4NO2S ,"N-[(1,1,2,2-tetrachloroethyl)thio]-4-cyclohexene-1,2-dicarboximide",432.0,
973,C10H9N ,1-naphthylamine ,323.2,
974,C10H9N ,2-naphthylamine,386.2,
975,C10H9NO2 ,4-methyl-7-aminocoumarin,499.9,
976,C10H10Cl2O3 ,"4-(2,4-dichlorophenoxy)butyric acid",391.4,
977,C10H10O3 ,"2,3-dihydro-2,2-dimethyl-7-benzofuranol-3-one",440.6,
978,C10H10O4  ,"1,2-dicarbomethoxybenzene",274.2,
979,C10H10O4  ,"1,3-dicarbomethoxybenzene",341.2,
980,C10H10O4  ,"1,4-dicarbomethoxybenzene",413.8,
981,C10H11ClO3 ,(D) 2-(2-chloro-3-methylphenoxy)propionic acid,359.5,
982,C10H11ClO3 ,2-(4-chloro-2-methylphenoxy)propanoic acid,366.2,
983,C10H11ClO3 ,(dl) 2-(2-chloro-3-methylphenoxy)propionic acid,391.5,
984,C10H11F3N2O ,"N,N-dimethyl-N'-[3-(trifluoromethyl)-phenyl]urea",434.1,
985,C10H11F3N2O3S ,N-[4-methyl-3-[[(trifluoromethyl)sulfonyl]amino]phenyl]acetamide,455.7,
986,C10H12 ,"1,2,3,4-tetrahydronaphthlene",237.4,
987,C10H12ClNO2 ,isopropyl-3-chlorophenylcarbamate,313.9,
988,C10H12N2O3 ,2-ethoxyisonitrosoacetanilide,405.0,
989,C10H12N2O3 ,allobarbitiol,442.6,
990,C10H12N2O3 ,4-ethoxyisonitrosoacetanilide,490.0,
991,C10H12N2O3S ,"3-(1-methylethyl)-(1H)-2,1,3-benzothiadiazin-4(3H)-one 2,2-dioxide",412.5,
992,C10H12N2O5 ,"2-sec-butyl-4,6-dinitrophenol",313.7,
993,C10H12N2S ,N-allyl-N-phenylthiourea,375.0,
994,C10H12N3O3PS2 ,"S-(3,4-dihydro-4-oxobenzo[d][1,2,3]-triazin-3-ylmethyl) O,O-dimethyl phoshorodithioate",345.3,
995,C10H12O2 ,4-propylbenzoic acid,422.0,
996,C10H12O3,4-n-propoxybenzoic acid,426.7,
997,C10H12O3 ,(dl) 3-hydroxy-3-phenylbutyric acid,330.0,
998,C10H12O3 ,(d) 3-hydroxy-3-phenylbutyric acid,357.0,
999,C10H12O3 ,4-ethoxyphenylacetic acid,360.2,
1000,C10H12O3 ,propyl 4-hydroxybenzoate,369.2,
1001,C10H12O3 ,4-methoxyphenylpropionic acid,376.9,
1002,C10H12O4,"2,5-diethoxy-1,4-benzoquinone",459.3,
1003,C10H13ClN2O2 ,"N'-(3-chloro-4-methoxyphenyl)-N,N-dimethylurea",399.2,
1004,C10H13ClN6 ,"2-((4-chloro-6-(cyclopropylamino)-1,3,5-triazin-2-yl)amino-2-methylpropanenitrile",438.5,
1005,C10H13N5O3 ,2-acetylamino-9-[(2-hydroxyethoxy)methyl]-9H-purine,454.2,
1006,C10H13N5O4 ,"2-acetylamino-9-[(2-hydroxyethoxy)methyl]-1,9-dihydro-6H-purin-6-one",490.2,
1007,C10H13N5O4 ,"2-amino-9-[(2-acetoxyethoxy)methyl]-1,9-dihydro-6H-purin-6-one",515.2,
1008,C10H13NO2 ,propyl N-phenyl carbamate,331.0,
1009,C10H13NO2 ,"3,4-dimethylphenyl methylcarbamate",350.8,
1010,C10H13NO2 ,propyl 4-aminobenzoate,347.1,
1011,C10H13NO2 ,isopropyl phenylcarbamate,359.5,
1012,C10H13NO2 ,"methyl p-N,N-dimethylaminobenzoate",371.8,
1013,C10H13NO2   ,p-ethoxyacetanilide,407.2,
1014,C10H14 ,n-butylbenzene,185.3,
1015,C10H14 ,tert-butylbenzene,215.0,
1016,C10H14 ,"1,2,3,5-tetramethylbenzene",248.6,
1017,C10H14 ,1-isopropyl-4-methylbenzene,204.2,
1018,C10H14 ,"1,2,3,4-tetramethylbenzene",265.4,
1019,C10H14 ,"1,2,4,5-tetramethylbenzene",352.4,
1020,C10H14Cl2NO2PS ,"O-(2,4-dichlorophenyl) O-methyl-(1-methylethyl) phosphoramidothioate",321.5,
1021,C10H14NO5PS ,"O,O-diethyl O-4-nitrophenyl phosphorothioate",278.1,
1022,C10H14O,L-carvone,247.7,
1023,C10H14O ,thymol,324.2,
1024,C10H14O ,4-tert-butylphenol,373.2,
1025,C10H14O2 ,4-propylbenzoic acid,422.0,
1026,C10H14O8 ,(dl) dimethyl diacetyltartrate,355.2,
1027,C10H14O8 ,(d) dimethyl diacetyltartrate,377.2,
1028,C10H15NO3 ,"1,2-dihydro-6-neopentyl-2-oxonicotinic acid",469.2,
1029,C10H16,d-limonene,199.2,
1030,C10H16Cl3NOS ,"S-2,3,3-trichloroallyl diisopropylthiocarbamate",306.4,
1031,C10H16N2 ,"ethyl(1,1-dimethylpropyl)malononitrile",307.5,
1032,C10H16N4O2S ,"3-(5-(1,1-dimethylethyl)-1,3,4-thiadiazol-2-yl)-4-hydroxy-1-methyl-2-imidazolidinone",408.9,
1033,C10H18O4 ,sebacic acid,404.0,
1034,C10H20 ,n-butylcyclohexane,198.4,
1035,C10H20 ,"2,2,5,5-tetramethylhex-3-ene",268.9,
1036,C10H20  ,1-decene,206.9,
1037,C10H20O ,decanal,268.2,
1038,C10H20O ,(dl) menthol,301.2,
1039,C10H20O ,(l) menthol ,316.2,
1040,C10H20O2 ,decanoic acid,304.5,
1041,C10H22 ,(DL) 4-methylnonane,174.7,
1042,C10H22 ,5-methylnonane,186.7,
1043,C10H22 ,(DL) 3-methylnonane,188.5,
1044,C10H22 ,2-methylnonane,198.8,
1045,C10H22 ,n-decane,243.5,
1046,C10H22O,1-decanol,280.1,
1047,C10H22O2 ,"1,10-decanediol",345.5,
1048,C10H22O2S ,"3(n-heptylthio)-1,2-propanediol",292.5,
1049,C10H22O3 ,"3(n-heptyloxy)-1,2-propanediol",246.2,
1050,C10H22S   ,1-decanethiol ,247.9,
1051,C10H23NO2 ,"3(n-heptylamino)-1,2-propanediol",324.9,
1052,C11H8N2,"9H-pyrido[3,4-b]indole",471.5,
1053,C11H8O2 ,1-naphthoic acid,435.2,
1054,C11H8O2 ,2-naphthoic acid ,460.2,
1055,C11H9Cl2NO2 ,4-chlorobut-2-ynyl 3-chlorophenylcarbamate,344.1,
1056,C11H10 ,1-methylnaphthalene,242.7,
1057,C11H10 ,2-methylnaphthalene,307.7,
1058,C11H10O4 ,p-methacryloyloxybenzoic acid,455.0,
1059,C11H11Cl3O3 ,"methyl 2-(2,4,5-trichlorophenoxy)butyrate",316.5,
1060,C11H12Cl2O3 ,"methyl 4-(2,4-dichlorophenoxy)butyrate",309.6,
1061,C11H12N4O3S,4-amino-N-(6-methoxy-3-pyridazinyl)benzenesulfonamide ,453.4,
1062,C11H12NO3PS2 ,"O,O-dimethyl S-phthalimidomethyl phosphorodithioate",343.2,
1063,C11H13ClO3 ,4-(4-chloro-2-methylphenoxy)butanoic acid,373.4,
1064,C11H13F3N2O3S ,"5'-(trifluoromethanesulphonamide)acet-2',4-xylidide",457.3,
1065,C11H13F3N4O4 ,"N(3),N(3)-diethyl-2,4-dinitro-6-(trifluoromethyl)-1,3-benzenediamine",372.1,
1066,C11H13N3O3S,"3,4-dimethylisoxazol 5-sulphanylamide",448.2,
1067,C11H13NO4 ,"2-(1,3-dioxolan-2-yl)phenyl methylcarbamate",387.2,
1068,C11H13NO4 ,"2,3-diisopropylidenedioxyphenyl-N-methylcarbamate",402.6,
1069,C11H14ClNO ,2-chloro-N-isopropyl N-phenylacetamide,351.4,
1070,C11H14O2 ,4-tert-butylbenzoic acid,440.0,
1071,C11H14O3,4-n-butoxybenzoic acid,432.2,
1072,C11H14O3 ,(d) 3-hydroxy-3-phenylvaleric acid,379.0,
1073,C11H14O3 ,4-methoxyphenylbutyric acid,330.9,
1074,C11H14O3 ,(dl) 3-hydroxy-3-phenylvaleric acid,394.0,
1075,C11H14O3 ,"(dl) 3-phenyl-3-hydroxy-2,2-dimethylpropanoic acid",407.0,
1076,C11H14O3 ,"(d) 3-phenyl-3-hydroxy-2,2-dimethylpropanoic acid",431.0,
1077,C11H15NO2 ,butyl 4-aminobenzoate,331.1,
1078,C11H15NO2 ,4-trans-cyanocyclohexyl (E) 2-butenoate,366.2,
1079,C11H15NO2 ,2-(1-methylethyl)phenyl methylcarbamate,369.3,
1080,C11H15NO2S,"4-methylthio-3,5-xylyl methylcarbamate",393.8,
1081,C11H16 ,pentamethylbenzene,328.2,
1082,C11H17N5 ,"6,9-dimethyl-8-butyladenine",409.2,
1083,C11H19N3O ,5-butyl-2-ethylamino-6-methylpyrimidin-4-ol,432.5,
1084,C11H19NO3 ,2-isopropoxyphenyl N-methylcarbamate,363.1,
1085,C11H19NS ,"2,4-di-tert-butylthiazole",258.2,
1086,C11H20O2  ,undecanolactone,275.3,
1087,C11H20O4 ,undecanedioic acid,385.0,
1088,C11H22 ,1-undecene ,224.0,
1089,C11H22O ,2-undecanone,290.5,
1090,C11H22O2 ,undecanoic acid ,301.6,
1091,C11H23Br,1-bromoundecane,263.3,
1092,C11H24 ,2-methyldecane ,224.3,
1093,C11H24 ,n-undecane ,247.6,
1094,C11H24O   ,methyl n-decyl ether,243.5,
1095,C11H24O2S ,"3(n-octylthio)-1,2-propanediol",306.5,
1096,C11H24O3 ,"3(n-octyloxy)-1,2-propanediol",296.1,
1097,C11H25NO2 ,"3(n-octylamino)-1,2-propanediol",335.9,
1098,C12Cl10 ,decachlorobiphenyl,577.7,
1099,C12HCl9 ,"2,2',3,3',4,5,5',6,6'-nonachlorobiphenyl",455.8,
1100,C12H2Cl8 ,"2,2',3,3',5,5',6,6'-octachlorobiphenyl",433.8,
1101,C12H3Cl7 ,"2,2',3,3',5,5',6-heptachlorobiphenyl",395.4,
1102,C12H4Cl6 ,"2,2',4,4',6,6'-hexachlorobiphenyl",386.7,
1103,C12H4Cl6 ,"2,2',3,3',5,5'-hexachlorobiphenyl",424.9,
1104,C12H4Cl6 ,"2,2',3,3',6,6'-hexachlorobiphenyl",385.2,
1105,C12H5Cl3O2 ,"1,3,7-trichlorodibenzodioxin",421.7,
1106,C12H5Cl5 ,"2,2',4,5,5'-pentachlorobiphenyl",350.1,
1107,C12H5Cl5 ,"2,3,4,5,6-pentachlorobiphenyl",397.6,
1108,C12H6Cl4 ,"2,2',4',5-tetrachlorobiphenyl",339.1,
1109,C12H6Cl4 ,"2,3,4,5-tetrachlorobiphenyl",363.9,
1110,C12H6Cl4O2S ,"1,2,4-trichloro-5-((4-chlorophenyl)sulfonyl)benzene",419.9,
1111,C12H6O3 ,1-8-naphthalic anhydride,542.3,
1112,C12H6S ,dibenzothiophene ,373.2,
1113,C12H7Cl2NO3 ,"2,4-dichlorophenyl 4-nitrophenyl ether",342.0,
1114,C12H7Cl3 ,"2,4,6-trichlorobiphenyl",334.3,
1115,C12H7Cl3 ,"2,4,5-trichlorobiphenyl",349.5,
1116,C12H7ClO2 ,2-chlorodibenzodioxin,362.2,
1117,C12H7ClO2 ,1-chlorodibenzodioxin,378.2,
1118,C12H8  ,acenaphthylene,362.0,
1119,C12H8Br2 ,"(dl) 1,2-dibromoacenaphthene ",397.0,
1120,C12H8Br2 ,"(d) 1,2-dibromoacenaphthene",416.0,
1121,C12H8Cl2 ,"(dl) 1,2-dichloroacenaphthene",339.0,
1122,C12H8Cl2 ,"2,6-dichlorobiphenyl",307.9,
1123,C12H8Cl2 ,"(d) 1,2-dichloroacenaphthene ",375.0,
1124,C12H8Cl2O2S ,"4,4'dichlorodiphenylsulphone",422.0,
1125,C12H8Cl2O3S ,4-chlorophenyl 4-chlorobenzenesulfonate,360.0,
1126,C12H8N2 ,phenazine,450.2,
1127,C12H8N2 ,benzo[c]cinnoline,432.2,
1128,C12H8N2O5 ,"4,4'-dinitrodiphenyl ether ",418.2,
1129,C12H8O ,dibenzofuran ,355.7,
1130,C12H8O2 ,dibenzodioxin,395.7,
1131,C12H8OS ,phenoxathiin,328.8,
1132,C12H8S ,dibenzothiophene,371.0,
1133,C12H8S2 ,"dibenzo[c,e][1,2]dithiin",386.2,
1134,C12H8S2 ,thianthrene,429.6,
1135,C12H9Cl  ,4-chlorobiphenyl,348.6,
1136,C12H9Cl   ,2-chlorobiphenyl,304.9,
1137,C12H9ClN2 ,4-chloroazobenzene,361.2,
1138,C12H9ClO3S ,4-chlorophenylbenzenesulfonate,332.2,
1139,C12H9N ,carbazole,516.0,
1140,C12H9NS ,10H-phenothiazine,458.2,
1141,C12H10 ,biphenyl,341.5,
1142,C12H10 ,acenaphthene,366.6,
1143,C12H10N2,"1-methyl-9H-pyrido[3,4-b]indole",509.9,
1144,C12H10N2 ,trans-azobenzene,341.1,
1145,C12H10N2O ,4-hydroxyazobenzene,425.2,
1146,C12H10N2O ,azoxybenzene,309.2,
1147,C12H10N4O2 ,4-(4-nitrophenylazo)aniline,488.2,
1148,C12H10O  ,o-hydroxybiphenyl,330.6,
1149,C12H10O   ,diphenyl ether,300.0,
1150,C12H10O2,a-naphthyl acetate,319.2,
1151,C12H10O2,ß-naphthyl acetate,342.2,
1152,C12H10O2 ,1-acetyl-2-naphthol,337.0,
1153,C12H10O2 ,2-acetyl-1-naphthol,371.8,
1154,C12H10O2 ,1-acetoxynaphthalene,319.2,
1155,C12H10O2 ,1-naphthaleneacetic acid,405.3,
1156,C12H10O2 ,2-acetoxynaphthalene,342.2,
1157,C12H10O2 ,2-carbomethoxynaphthalene,350.2,
1158,C12H10O2S,diphenyl sulfone,398.2,
1159,C12H10S,diphenylsulfide,258.0,
1160,C12H11Cl2NO ,"3,5-dichloro-N-(1,1-dimethyl-2-propynyl)benzamide",428.4,
1161,C12H11N ,diphenylamine,326.2,
1162,C12H11N ,2-aminobiphenyl,322.3,
1163,C12H11N3 ,p-phenylazoaniline,398.2,
1164,C12H11NO ,1-naphthaleneacetamide,455.5,
1165,C12H11NO2 ,1-naphthyl methylcarbamate,416.3,
1166,C12H12 ,"1,4-dimethylnaphthalene",279.9,
1167,C12H12 ,"1,8-dimethylnaphthalene",336.3,
1168,C12H12 ,"2,7-dimethylnaphthalene",368.8,
1169,C12H12 ,"2,3-dimethylnaphthalene",378.0,
1170,C12H12 ,"2,6-dimethylnaphthalene",383.3,
1171,C12H12N2,benzidine,400.2,
1172,C12H12N2 ,"hydrazobenzene  (1,2-diphenylhydrazine)",407.2,
1173,C12H12N2O ,4'4'-diaminodiphenyl ether ,465.4,
1174,C12H12O6 ,"1,2,3-tricarbomethoxybenzene",375.7,
1175,C12H13ClF3N3O4 ,"N-(2-chloroethyl)-2,6-dinitro-N-propyl-4-(trifluoromethyl)benzeneamine",318.4,
1176,C12H13NO2 ,4-methyl-7-dimethylaminocoumarin,416.1,
1177,C12H13NO4S ,"2,3-dihydro-6-methyl-5-phenylcarbamoyl-1,4-oxathiin-4,4-dioxide ",401.5,
1178,C12H14N2O5 ,"2-cyclohexyl-4,6-dinitrophenol",378.7,
1179,C12H14N4O ,"3,3',4'4'-tetraaminodiphenyl ether",425.1,
1180,C12H14O4  ,diethyl o-phthalate,269.9,
1181,C12H14O4  ,diethyl terephthalate,317.2,
1182,C12H15N2O3PS ,"O,O-diethyl O-quinoxalin-2-yl phosphothioate",304.1,
1183,C12H15NO2 ,phenylaminoethyl methacrylate,297.5,
1184,C12H15NO3 ,"2,3-dihydro-2,2-dimethylbenzofuran-7-yl methylcarbamate",426.2,
1185,C12H16 ,cyclohexylbenzene,280.5,
1186,C12H16Cl2N2O ,"N-butyl-N'-(3,4-dichlorophenyl)-N-methylurea",374.3,
1187,C12H16N3O3PS2 ,"S-(3,4-dihydro-4-oxobenzo[d]-[1,2,3]-triazin-3-ylmethyl) O,O-diethyl phoshorodithioate",322.2,
1188,C12H16O2,4-n-pentylbenzoic acid,395.0,
1189,C12H16O3,4-n-pentoxybenzoic acid,422.2,
1190,C12H16O4,"2,5-dipropoxy-1,4-benzoquinone",460.8,
1191,C12H17NO2 ,pentyl 4-aminobenzoate,325.1,
1192,C12H17NO2 ,5-isopropyl-m-tolyl methylcarbamate,361.3,
1193,C12H18  ,hexamethylbenzene,438.7,
1194,C12H18N2O ,"N,N-dimethyl-N'-[4-(1-methylethyl)phenyl]urea",430.5,
1195,C12H18N2O2 ,"3,5-dimethyl-4-(dimethylamino)phenyl methylcarbamate",361.7,
1196,C12H18N2O2 ,"4-dimethylamino-3,5-xylyl methylcarbamate",361.7,
1197,C12H18N2O3S,3-(p-tolyl-4-sulfonyl)-1-butyl urea,404.8,
1198,C12H18N4O6S ,"4-(N,N-dipropylamino)-3,5-dinitrobenzenesulphonamide",414.8,
1199,C12H18O,2-(1'-cyclohexenyl)cyclohexanone,278.8,
1200,C12H18O,"2,6-diisopropylphenol",292.8,
1201,C12H18O,"3,5-diisopropylphenol",326.3,
1202,C12H18O2 ,4-hexylresorcinol,341.5,
1203,C12H19ClNO3P,N-methyl O-methyl O-2-chloro-4-tert-butylphenyl phosphoramidate ,332.0,
1204,C12H20O,2-cyclohexylcyclohexanone,277.0,
1205,C12H22O2 ,nonyl acrylate,236.5,
1206,C12H22O2 ,octyl methacrylate,230.3,
1207,C12H22O4 ,di-n-butyl succinate,244.1,
1208,C12H22O4 ,dodecanedioic acid,402.5,
1209,C12H24N2O2 ,"N,N'-di-n-propyladipamide",452.0,
1210,C12H24O2 ,dodecanoic acid,316.9,
1211,C12H26 ,dodecane,263.6,
1212,C12H26O ,dodecanol,300.2,
1213,C12H26O3 ,"3-(n-nonyloxy)-1,2-propanediol",297.2,
1214,C12H27NO2 ,"3(n-nonylamino)-1,2-propanediol",343.2,
,,,,
